armorName,classId,supported,canonicalIds,appearanceId,reason
Wayfarer Plate,reaver,True,armor/reaver/default | armor/reaver/wayfarerPlate,reaver-default,"Defined in canonical outfits; unlock/stat requirements are conditional eligibility, not missing artwork."
Wayfarer Plate,starseer,True,armor/starseer/wayfarerPlate,starseer-wayfarerPlate,"Defined in canonical outfits; unlock/stat requirements are conditional eligibility, not missing artwork."
Wayfarer Plate,herald,True,armor/herald/wayfarerPlate,herald-wayfarerPlate,"Defined in canonical outfits; unlock/stat requirements are conditional eligibility, not missing artwork."
Wayfarer Plate,rogue,True,armor/rogue/wayfarerPlate,rogue-wayfarerPlate,"Defined in canonical outfits; unlock/stat requirements are conditional eligibility, not missing artwork."
Ashen Vigil,reaver,True,armor/reaver/vigil,reaver-vigil,"Defined in canonical outfits; unlock/stat requirements are conditional eligibility, not missing artwork."
Ashen Vigil,starseer,False,,,"No (wearer class, armor) record. armourForClass and equippedIn resolve class-scoped armor; not a current wearable appearance."
Ashen Vigil,herald,False,,,"No (wearer class, armor) record. armourForClass and equippedIn resolve class-scoped armor; not a current wearable appearance."
Ashen Vigil,rogue,False,,,"No (wearer class, armor) record. armourForClass and equippedIn resolve class-scoped armor; not a current wearable appearance."
Gilded Oathsworn,reaver,True,armor/reaver/oathsworn,reaver-oathsworn,"Defined in canonical outfits; unlock/stat requirements are conditional eligibility, not missing artwork."
Gilded Oathsworn,starseer,False,,,"No (wearer class, armor) record. armourForClass and equippedIn resolve class-scoped armor; not a current wearable appearance."
Gilded Oathsworn,herald,False,,,"No (wearer class, armor) record. armourForClass and equippedIn resolve class-scoped armor; not a current wearable appearance."
Gilded Oathsworn,rogue,False,,,"No (wearer class, armor) record. armourForClass and equippedIn resolve class-scoped armor; not a current wearable appearance."
Warden Mail,reaver,True,armor/reaver/warden,reaver-warden,"Defined in canonical outfits; unlock/stat requirements are conditional eligibility, not missing artwork."
Warden Mail,starseer,False,,,"No (wearer class, armor) record. armourForClass and equippedIn resolve class-scoped armor; not a current wearable appearance."
Warden Mail,herald,False,,,"No (wearer class, armor) record. armourForClass and equippedIn resolve class-scoped armor; not a current wearable appearance."
Warden Mail,rogue,False,,,"No (wearer class, armor) record. armourForClass and equippedIn resolve class-scoped armor; not a current wearable appearance."
Nightweave,reaver,True,armor/reaver/nightweave,reaver-nightweave,"Defined in canonical outfits; unlock/stat requirements are conditional eligibility, not missing artwork."
Nightweave,starseer,True,armor/starseer/default | armor/starseer/nightweave,starseer-default,"Defined in canonical outfits; unlock/stat requirements are conditional eligibility, not missing artwork."
Nightweave,herald,True,armor/herald/nightweave,herald-nightweave,"Defined in canonical outfits; unlock/stat requirements are conditional eligibility, not missing artwork."
Nightweave,rogue,True,armor/rogue/nightweave,rogue-nightweave,"Defined in canonical outfits; unlock/stat requirements are conditional eligibility, not missing artwork."
Eclipse Habit,reaver,False,,,"No (wearer class, armor) record. armourForClass and equippedIn resolve class-scoped armor; not a current wearable appearance."
Eclipse Habit,starseer,True,armor/starseer/eclipse,starseer-eclipse,"Defined in canonical outfits; unlock/stat requirements are conditional eligibility, not missing artwork."
Eclipse Habit,herald,False,,,"No (wearer class, armor) record. armourForClass and equippedIn resolve class-scoped armor; not a current wearable appearance."
Eclipse Habit,rogue,False,,,"No (wearer class, armor) record. armourForClass and equippedIn resolve class-scoped armor; not a current wearable appearance."
Starlit Silks,reaver,False,,,"No (wearer class, armor) record. armourForClass and equippedIn resolve class-scoped armor; not a current wearable appearance."
Starlit Silks,starseer,True,armor/starseer/starlit,starseer-starlit,"Defined in canonical outfits; unlock/stat requirements are conditional eligibility, not missing artwork."
Starlit Silks,herald,False,,,"No (wearer class, armor) record. armourForClass and equippedIn resolve class-scoped armor; not a current wearable appearance."
Starlit Silks,rogue,False,,,"No (wearer class, armor) record. armourForClass and equippedIn resolve class-scoped armor; not a current wearable appearance."
Astral Vestment,reaver,False,,,"No (wearer class, armor) record. armourForClass and equippedIn resolve class-scoped armor; not a current wearable appearance."
Astral Vestment,starseer,True,armor/starseer/astral,starseer-astral,"Defined in canonical outfits; unlock/stat requirements are conditional eligibility, not missing artwork."
Astral Vestment,herald,False,,,"No (wearer class, armor) record. armourForClass and equippedIn resolve class-scoped armor; not a current wearable appearance."
Astral Vestment,rogue,False,,,"No (wearer class, armor) record. armourForClass and equippedIn resolve class-scoped armor; not a current wearable appearance."
Rite Vestments,reaver,True,armor/reaver/riteVestments,reaver-riteVestments,"Defined in canonical outfits; unlock/stat requirements are conditional eligibility, not missing artwork."
Rite Vestments,starseer,True,armor/starseer/riteVestments,starseer-riteVestments,"Defined in canonical outfits; unlock/stat requirements are conditional eligibility, not missing artwork."
Rite Vestments,herald,True,armor/herald/default | armor/herald/riteVestments,herald-default,"Defined in canonical outfits; unlock/stat requirements are conditional eligibility, not missing artwork."
Rite Vestments,rogue,True,armor/rogue/riteVestments,rogue-riteVestments,"Defined in canonical outfits; unlock/stat requirements are conditional eligibility, not missing artwork."
Ossuary Weave,reaver,False,,,"No (wearer class, armor) record. armourForClass and equippedIn resolve class-scoped armor; not a current wearable appearance."
Ossuary Weave,starseer,False,,,"No (wearer class, armor) record. armourForClass and equippedIn resolve class-scoped armor; not a current wearable appearance."
Ossuary Weave,herald,True,armor/herald/ossuary,herald-ossuary,"Defined in canonical outfits; unlock/stat requirements are conditional eligibility, not missing artwork."
Ossuary Weave,rogue,False,,,"No (wearer class, armor) record. armourForClass and equippedIn resolve class-scoped armor; not a current wearable appearance."
Emberlight Habit,reaver,False,,,"No (wearer class, armor) record. armourForClass and equippedIn resolve class-scoped armor; not a current wearable appearance."
Emberlight Habit,starseer,False,,,"No (wearer class, armor) record. armourForClass and equippedIn resolve class-scoped armor; not a current wearable appearance."
Emberlight Habit,herald,True,armor/herald/emberhabit,herald-emberhabit,"Defined in canonical outfits; unlock/stat requirements are conditional eligibility, not missing artwork."
Emberlight Habit,rogue,False,,,"No (wearer class, armor) record. armourForClass and equippedIn resolve class-scoped armor; not a current wearable appearance."
Pilgrim Wrap,reaver,False,,,"No (wearer class, armor) record. armourForClass and equippedIn resolve class-scoped armor; not a current wearable appearance."
Pilgrim Wrap,starseer,False,,,"No (wearer class, armor) record. armourForClass and equippedIn resolve class-scoped armor; not a current wearable appearance."
Pilgrim Wrap,herald,True,armor/herald/pilgrim,herald-pilgrim,"Defined in canonical outfits; unlock/stat requirements are conditional eligibility, not missing artwork."
Pilgrim Wrap,rogue,False,,,"No (wearer class, armor) record. armourForClass and equippedIn resolve class-scoped armor; not a current wearable appearance."
Gutter Leathers,reaver,True,armor/reaver/gutterLeathers,reaver-gutterLeathers,"Defined in canonical outfits; unlock/stat requirements are conditional eligibility, not missing artwork."
Gutter Leathers,starseer,True,armor/starseer/gutterLeathers,starseer-gutterLeathers,"Defined in canonical outfits; unlock/stat requirements are conditional eligibility, not missing artwork."
Gutter Leathers,herald,True,armor/herald/gutterLeathers,herald-gutterLeathers,"Defined in canonical outfits; unlock/stat requirements are conditional eligibility, not missing artwork."
Gutter Leathers,rogue,True,armor/rogue/default | armor/rogue/gutterLeathers,rogue-default,"Defined in canonical outfits; unlock/stat requirements are conditional eligibility, not missing artwork."
Nightveil Coat,reaver,False,,,"No (wearer class, armor) record. armourForClass and equippedIn resolve class-scoped armor; not a current wearable appearance."
Nightveil Coat,starseer,False,,,"No (wearer class, armor) record. armourForClass and equippedIn resolve class-scoped armor; not a current wearable appearance."
Nightveil Coat,herald,False,,,"No (wearer class, armor) record. armourForClass and equippedIn resolve class-scoped armor; not a current wearable appearance."
Nightveil Coat,rogue,True,armor/rogue/nightveil,rogue-nightveil,"Defined in canonical outfits; unlock/stat requirements are conditional eligibility, not missing artwork."
Duelist Jerkin,reaver,False,,,"No (wearer class, armor) record. armourForClass and equippedIn resolve class-scoped armor; not a current wearable appearance."
Duelist Jerkin,starseer,False,,,"No (wearer class, armor) record. armourForClass and equippedIn resolve class-scoped armor; not a current wearable appearance."
Duelist Jerkin,herald,False,,,"No (wearer class, armor) record. armourForClass and equippedIn resolve class-scoped armor; not a current wearable appearance."
Duelist Jerkin,rogue,True,armor/rogue/duelist,rogue-duelist,"Defined in canonical outfits; unlock/stat requirements are conditional eligibility, not missing artwork."
Shadow Mantle,reaver,False,,,"No (wearer class, armor) record. armourForClass and equippedIn resolve class-scoped armor; not a current wearable appearance."
Shadow Mantle,starseer,False,,,"No (wearer class, armor) record. armourForClass and equippedIn resolve class-scoped armor; not a current wearable appearance."
Shadow Mantle,herald,False,,,"No (wearer class, armor) record. armourForClass and equippedIn resolve class-scoped armor; not a current wearable appearance."
Shadow Mantle,rogue,True,armor/rogue/shadow,rogue-shadow,"Defined in canonical outfits; unlock/stat requirements are conditional eligibility, not missing artwork."
Bastion Harness,reaver,True,armor/reaver/bastion,reaver-bastion,"Defined in canonical outfits; unlock/stat requirements are conditional eligibility, not missing artwork."
Bastion Harness,starseer,False,,,"No (wearer class, armor) record. armourForClass and equippedIn resolve class-scoped armor; not a current wearable appearance."
Bastion Harness,herald,False,,,"No (wearer class, armor) record. armourForClass and equippedIn resolve class-scoped armor; not a current wearable appearance."
Bastion Harness,rogue,False,,,"No (wearer class, armor) record. armourForClass and equippedIn resolve class-scoped armor; not a current wearable appearance."
Rimeweave Robes,reaver,False,,,"No (wearer class, armor) record. armourForClass and equippedIn resolve class-scoped armor; not a current wearable appearance."
Rimeweave Robes,starseer,True,armor/starseer/rimeweave,starseer-rimeweave,"Defined in canonical outfits; unlock/stat requirements are conditional eligibility, not missing artwork."
Rimeweave Robes,herald,False,,,"No (wearer class, armor) record. armourForClass and equippedIn resolve class-scoped armor; not a current wearable appearance."
Rimeweave Robes,rogue,False,,,"No (wearer class, armor) record. armourForClass and equippedIn resolve class-scoped armor; not a current wearable appearance."
Waywatcher Coat,reaver,False,,,"No (wearer class, armor) record. armourForClass and equippedIn resolve class-scoped armor; not a current wearable appearance."
Waywatcher Coat,starseer,False,,,"No (wearer class, armor) record. armourForClass and equippedIn resolve class-scoped armor; not a current wearable appearance."
Waywatcher Coat,herald,False,,,"No (wearer class, armor) record. armourForClass and equippedIn resolve class-scoped armor; not a current wearable appearance."
Waywatcher Coat,rogue,True,armor/rogue/waywatcher,rogue-waywatcher,"Defined in canonical outfits; unlock/stat requirements are conditional eligibility, not missing artwork."
